id,HJD,BCV,RV2,RV1
1181,6692.88109268,28.84654,-34.1690,-173.8014
1142,6736.6588506,20.61189,-49.8295,-139.1608
1143,6749.69003393,15.49893,-125.8408,-47.4342
1140,6769.67348336,6.484246,-10.9452,-150.2172
1131,6790.56490994,-3.409508,-136.3682,-5.3551
1130,6840.5805026,-23.25355,-75.1153,-32.6594
1124,6869.52784302,-27.98305,-69.0281,-23.7950
1119,6898.49168721,-26.26493,10.5100,-104.1421
1120,6904.49056886,-25.08714,-35.8785,-68.7917