star,period_days,mV_mean,distance_pc
GV Aur,5.259800,12.076,5188
IN Aur,4.911100,13.814,6562
V335 Aur,3.413250,12.461,4308
RW Cam,16.414812,8.691,1913
RX Cam,7.912024,7.682,882
TV Cam,5.294970,11.659,3913
AB Cam,5.787640,11.849,4233
AC Cam,4.156769,12.597,3334
AD Cam,11.260991,12.564,6310
AM Cam,3.997197,13.504,4464
RW CMa,5.729685,11.096,3647
RY CMa,4.678250,8.110,1254
